<?xml version="1.0"?>
<pagescount>
	<html_total>2</html_total>
	<html_done>2</html_done>
	<img>33</img>
	<js>12</js>
	<css>8</css>
	<pdf/>
	<doc/>
	<xls/>
	<ppt/>
	<swf/>
	<mp3/>
	<mp4/>
	<wav/>
	<xml/>
	<json/>
	<txt/>
	<fonts>20</fonts>
	<scraping_reload>1</scraping_reload>
	<is_pretty_url>false</is_pretty_url>
	<is_ebn>false</is_ebn>
	<theme_name>148101</theme_name>
	<server_url_front_page>https://www6.waybackmachinedownloader.com/wdo/files/demo/weku.io_manofthebag_gmail.com_qxdrsgzq3uk/</server_url_front_page>
	<hosted_domain/>
	<original_archive_url>https://weku.io/</original_archive_url>
	<final_archive_url>https://weku.io/</final_archive_url>
	<front_page_code_date/>
	<total_urls_from_api/>
	<search_url_added>false</search_url_added>
	<total_size>4020</total_size>
</pagescount>
